class_id,class_name,precision,recall,f1_score,support
0,Bearish,0.7545691906005222,0.8328530259365994,0.7917808219178082,347
1,Bullish,0.8259023354564756,0.8189473684210526,0.8224101479915433,475
2,Neutral,0.9289439374185137,0.9099616858237548,0.9193548387096774,1566
