config_id,learning_rate,r,lora_alpha,lora_dropout,num_train_epochs,weight_decay,warmup_ratio,per_device_train_batch_size,per_device_eval_batch_size,gradient_accumulation_steps,val_macro_f1,val_weighted_f1,val_accuracy,val_invalid_count,val_invalid_rate,training_time_sec,best_checkpoint,total_params,trainable_params,trainable_share
6,0.0005,16,32,0.1,3,0.01,0.06,8,16,2,0.7468655837910988,0.812144867266517,0.8148148148148148,0,0.0,358.13541020499997,/content/LORA-course-project/artifacts/flan_t5_small_lora_hparam_search/checkpoints/config_06/checkpoint-1521,77649280,688128,0.008862001038515747
5,0.0005,8,16,0.1,3,0.01,0.06,8,16,2,0.7131380475217731,0.7904486379874789,0.7973445143256463,0,0.0,362.73537962599994,/content/LORA-course-project/artifacts/flan_t5_small_lora_hparam_search/checkpoints/config_05/checkpoint-1521,77305216,344064,0.00445072166928555
4,0.0002,16,32,0.1,3,0.01,0.06,8,16,2,0.6013412353495898,0.7275938050097126,0.750524109014675,0,0.0,361.8065304749998,/content/LORA-course-project/artifacts/flan_t5_small_lora_hparam_search/checkpoints/config_04/checkpoint-1521,77649280,688128,0.008862001038515747
3,0.0002,8,16,0.1,3,0.01,0.06,8,16,2,0.5444852231375316,0.6991294861066282,0.7337526205450734,0,0.0,370.364198968,/content/LORA-course-project/artifacts/flan_t5_small_lora_hparam_search/checkpoints/config_03/checkpoint-1521,77305216,344064,0.00445072166928555
2,0.0001,16,32,0.1,3,0.01,0.06,8,16,2,0.5134179305302301,0.680789220088988,0.7246680642907058,0,0.0,362.20593872400013,/content/LORA-course-project/artifacts/flan_t5_small_lora_hparam_search/checkpoints/config_02/checkpoint-1521,77649280,688128,0.008862001038515747
1,0.0001,8,16,0.1,3,0.01,0.06,8,16,2,0.46140195534633727,0.6494605124365218,0.7120894479385046,0,0.0,369.9339733290003,/content/LORA-course-project/artifacts/flan_t5_small_lora_hparam_search/checkpoints/config_01/checkpoint-1521,77305216,344064,0.00445072166928555
