config_id,learning_rate,r,lora_alpha,lora_dropout,num_train_epochs,weight_decay,warmup_ratio,val_macro_f1,val_weighted_f1,val_accuracy,training_time_sec,best_checkpoint,total_params,trainable_params,trainable_share
8,0.0005,16,32,0.1,4,0.01,0.06,0.826835666615346,0.8652131203959749,0.8658280922431866,178.16214618599997,/content/LORA-course-project/artifacts/bert_lora_hparam_search/checkpoints/config_08/checkpoint-2028,110076678,592131,0.005379259355919153
6,0.0003,16,32,0.1,4,0.01,0.06,0.8145634489223844,0.8575959942071028,0.859538784067086,177.96941082900003,/content/LORA-course-project/artifacts/bert_lora_hparam_search/checkpoints/config_06/checkpoint-2028,110076678,592131,0.005379259355919153
7,0.0005,8,16,0.1,4,0.01,0.06,0.8094799424223474,0.8519749889580771,0.8539482879105521,177.42298538900013,/content/LORA-course-project/artifacts/bert_lora_hparam_search/checkpoints/config_07/checkpoint-2028,109781766,297219,0.0027073621679578374
5,0.0003,8,16,0.1,4,0.01,0.06,0.7924236661983016,0.8409942214036696,0.843466107617051,177.0995959979996,/content/LORA-course-project/artifacts/bert_lora_hparam_search/checkpoints/config_05/checkpoint-2028,109781766,297219,0.0027073621679578374
4,0.0002,16,32,0.1,4,0.01,0.06,0.7918889301415705,0.8416686473841457,0.8441649196366178,177.57056633899992,/content/LORA-course-project/artifacts/bert_lora_hparam_search/checkpoints/config_04/checkpoint-2028,110076678,592131,0.005379259355919153
3,0.0002,8,16,0.1,4,0.01,0.06,0.7718875868536857,0.8293409762170765,0.83298392732355,185.09868600399977,/content/LORA-course-project/artifacts/bert_lora_hparam_search/checkpoints/config_03/checkpoint-2028,109781766,297219,0.0027073621679578374
2,0.0001,16,32,0.1,4,0.01,0.06,0.6195872869949139,0.7523367957039429,0.7721872816212438,184.87700912599985,/content/LORA-course-project/artifacts/bert_lora_hparam_search/checkpoints/config_02/checkpoint-2028,110076678,592131,0.005379259355919153
1,0.0001,8,16,0.1,4,0.01,0.06,0.5847065325448445,0.7302175359523183,0.7582110412299091,203.64376007300007,/content/LORA-course-project/artifacts/bert_lora_hparam_search/checkpoints/config_01/checkpoint-2028,109781766,297219,0.0027073621679578374
