label,label_name,precision,recall,f1,support
0,Bearish,0.5572687224669604,0.729106628242075,0.6317103620474407,347
1,Bullish,0.6985138004246284,0.6926315789473684,0.6955602536997886,475
2,Neutral,0.898838004101162,0.8397190293742018,0.8682733575437438,1566
