config_id,learning_rate,r,lora_alpha,lora_dropout,num_train_epochs,weight_decay,warmup_ratio,val_macro_f1,val_weighted_f1,val_accuracy,training_time_sec,best_checkpoint,total_params,trainable_params,trainable_share
3,0.0005,8,16,0.1,4,0.01,0.06,0.8179295833710287,0.8605906430612092,0.8623340321453529,88.73185431899992,/content/LORA-course-project/artifacts/distilbert_lora_hparam_search/checkpoints/config_03/checkpoint-2028,67696134,740355,0.010936444317484955
4,0.0005,16,32,0.1,4,0.01,0.06,0.8163036200880148,0.8598590138212738,0.8609364081062194,88.70883379500003,/content/LORA-course-project/artifacts/distilbert_lora_hparam_search/checkpoints/config_04/checkpoint-2028,67843590,887811,0.013086144173679488
2,0.0002,16,32,0.1,4,0.01,0.06,0.8074179984977259,0.8528852974137318,0.8553459119496856,93.82636267999999,/content/LORA-course-project/artifacts/distilbert_lora_hparam_search/checkpoints/config_02/checkpoint-2028,67843590,887811,0.013086144173679488
1,0.0002,8,16,0.1,4,0.01,0.06,0.7980243509170042,0.8478155973294589,0.8511530398322851,96.22571875599999,/content/LORA-course-project/artifacts/distilbert_lora_hparam_search/checkpoints/config_01/checkpoint-2028,67696134,740355,0.010936444317484955
