model,adaptation,test_macro_f1,test_weighted_f1,test_accuracy,bearish_f1,bullish_f1,neutral_f1,total_params,trainable_params,trainable_share,training_time_sec
bert-base-uncased,full fine-tuning,0.8499748745936843,0.8841807576371349,0.8844221105527639,0.8098693759071117,0.8199152542372882,0.9201399936366529,109484547,109484547,1.0,474.77018585500014
