class,precision,recall,f1-score,support
Bearish,0.6611842105263158,0.579250720461095,0.6175115207373272,347.0
Bullish,0.685,0.5768421052631579,0.6262857142857143,475.0
Neutral,0.8467933491686461,0.9106002554278416,0.8775384615384615,1566.0
accuracy,0.7960636515912898,0.7960636515912898,0.7960636515912898,0.7960636515912898
macro avg,0.7309925198983208,0.6888976937173649,0.7071118988538343,2388.0
weighted avg,0.7876399940748456,0.7960636515912898,0.7897769860765483,2388.0
